{"cameraMode":{"drawMode":0,"name":"Shaded","section":"Shading Mode"},"sceneLighting":true,"audioPlay":false,"sceneViewState":{"showFog":true,"showMaterialUpdate":false,"showSkybox":true,"showFlares":true,"showImageEffects":true,"showParticleSystems":true},"in2DMode":false,"pivot":{"x":-0.015001684427261353,"y":0.040234606713056567,"z":0.0863552987575531},"rotation":{"x":0.645606517791748,"y":-0.05937608703970909,"z":0.05045945197343826,"w":0.7596845626831055},"size":3.2031404972076418,"orthographic":true}